<Ui>
  <Name>HelpScreen</Name>
  <ScaleInPixels x="1280" y="768" />
  <ConstrainInParent>true</ConstrainInParent>
  <Controls>
    <LabelControl>
      <Name>LabelHelp</Name>
      <Font>JokerMan</Font>
      <Text>Help</Text>
      <Height>200</Height>
      <AutoSize>true</AutoSize>
      <Position x="407" y ="0" />
      <TextColor r="255" g="0" b="0" a="255"/>
    </LabelControl>
    <LabelControl>
      <Name>LabelHelpText</Name>
      <Font>licorice</Font>
      <Text>Goal:
  Destroy all the blocks without letting the ball drop
        
Default Keys:
  Use Arrow Keys to move the paddle sideways.
      </Text>
      <Height>30</Height>
      <AutoSize>true</AutoSize>
      <Position x="0" y ="170" />
      <TextColor r="238" g="130" b="238" a="255"/>
    </LabelControl>
    <ButtonControl>
      <Name>btnBack</Name>
      <DefaultImage>buttonDefault.png</DefaultImage>
      <PressedImage>buttonPressed.png</PressedImage>
      <AutoSize>false</AutoSize>
      <ScaleInPixels x="350" y="70" />
      <Position x="490" y="520" />
      <LabelControl>
        <Font>licorice</Font>
        <Text>Back</Text>
        <Height>70</Height>
        <AutoSize>true</AutoSize>
        <TextColor r="0" g="0" b="255" a="255"/>
      </LabelControl>
    </ButtonControl>
  </Controls>
</Ui>