<Ui>
  <Name>HighScoreScreen</Name>
  <ScaleInPixels x="1280" y="768" />
  <ConstrainInParent>true</ConstrainInParent>
  <Controls>
    <LabelControl>
      <Name>LabelHelp</Name>
      <Font>JokerMan</Font>
      <Text>High Scores</Text>
      <Height>200</Height>
      <AutoSize>true</AutoSize>
      <Position x="320" y ="0" />
      <TextColor r="255" g="0" b="0" a="255"/>
    </LabelControl>
    <LabelControl>
      <Name>LabelNameTemplate</Name>
      <Font>licorice</Font>
      <Text></Text>
      <Height>30</Height>
      <AutoSize>false</AutoSize>
      <Position x="0" y ="0" />
      <ScaleInPixels x="200" y="30" />
      <TextColor r="0" g="0" b="238" a="255"/>
      <Visible>False</Visible>
    </LabelControl>
    <LabelControl>
      <Name>LabelScoreTemplate</Name>
      <Font>licorice</Font>
      <Text></Text>
      <Height>30</Height>
      <AutoSize>false</AutoSize>
      <Position x="0" y ="0" />
      <ScaleInPixels x="200" y="30" />
      <TextColor r="0" g="0" b="238" a="255"/>
      <Visible>False</Visible>
    </LabelControl>
    <ButtonControl>
      <Name>btnBack</Name>
      <DefaultImage>buttonDefault.png</DefaultImage>
      <PressedImage>buttonPressed.png</PressedImage>
      <AutoSize>false</AutoSize>
      <ScaleInPixels x="350" y="70" />
      <Position x="490" y="670" />
      <LabelControl>
        <Font>licorice</Font>
        <Text>Back</Text>
        <Height>70</Height>
        <AutoSize>true</AutoSize>
        <TextColor r="0" g="0" b="255" a="255"/>
      </LabelControl>
    </ButtonControl>
  </Controls>
</Ui>