<Ui>
  <Name>MenuScreen</Name>
  <ScaleInPixels x="1280" y="768" />
  <ConstrainInParent>true</ConstrainInParent>
  <Controls>
    <LabelControl>
      <Name>TitleLable</Name>
      <Font>JokerMan</Font>
      <Text>Break Out</Text>
      <Height>200</Height>
      <AutoSize>true</AutoSize>
      <Position x="320" y ="0" />
      <TextColor r="255" g="0" b="0" a="255"/>
    </LabelControl>
    <ButtonControl>
      <Name>btnPlay</Name>
      <DefaultImage>buttonDefault.png</DefaultImage>
      <PressedImage>buttonPressed.png</PressedImage>
      <AutoSize>false</AutoSize>
      <ScaleInPixels x="350" y="70" />
      <Position x="412" y="170" />
      <LabelControl>
        <Font>licorice</Font>
        <Text>Play</Text>
        <Height>70</Height>
        <AutoSize>true</AutoSize>
        <TextColor r="0" g="0" b="255" a="255"/>
      </LabelControl>
    </ButtonControl>
    <ButtonControl>
      <Name>btnHelp</Name>
      <DefaultImage>buttonDefault.png</DefaultImage>
      <PressedImage>buttonPressed.png</PressedImage>
      <AutoSize>false</AutoSize>
      <ScaleInPixels x="350" y="70" />
      <Position x="412" y="270" />
      <LabelControl>
        <Font>licorice</Font>
        <Text>Help</Text>
        <Height>70</Height>
        <AutoSize>true</AutoSize>
        <TextColor r="0" g="0" b="255" a="255"/>
      </LabelControl>
    </ButtonControl>
    <!--    <ButtonControl>
      <Name>btnOption</Name>
      <DefaultImage>buttonDefault.png</DefaultImage>
      <PressedImage>buttonPressed.png</PressedImage>
      <AutoSize>false</AutoSize>
      <ScaleInPixels x="350" y="70" />
      <Position x="412" y="370" />
      <LabelControl>
        <Font>licorice</Font>
        <Text>Options</Text>
        <Height>70</Height>
        <AutoSize>true</AutoSize>
        <TextColor r="0" g="0" b="255" a="255"/>
      </LabelControl>
    </ButtonControl>-->
   <ButtonControl>
      <Name>btnControls</Name>
      <DefaultImage>buttonDefault.png</DefaultImage>
      <PressedImage>buttonPressed.png</PressedImage>
      <AutoSize>false</AutoSize>
      <ScaleInPixels x="350" y="70" />
      <Position x="412" y="370" />
      <LabelControl>
        <Font>licorice</Font>
        <Text>Controls</Text>
        <Height>70</Height>
        <AutoSize>true</AutoSize>
        <TextColor r="0" g="0" b="255" a="255"/>
      </LabelControl>
    </ButtonControl>
    <ButtonControl>
      <Name>btnHighScore</Name>
      <DefaultImage>buttonDefault.png</DefaultImage>
      <PressedImage>buttonPressed.png</PressedImage>
      <AutoSize>false</AutoSize>
      <ScaleInPixels x="350" y="70" />
      <Position x="412" y="470" />
      <LabelControl>
        <Font>licorice</Font>
        <Text>High Scores</Text>
        <Height>70</Height>
        <AutoSize>true</AutoSize>
        <TextColor r="0" g="0" b="255" a="255"/>
      </LabelControl>
    </ButtonControl>
    <ButtonControl>
      <Name>btnQuit</Name>
      <DefaultImage>buttonDefault.png</DefaultImage>
      <PressedImage>buttonPressed.png</PressedImage>
      <AutoSize>false</AutoSize>
      <ScaleInPixels x="350" y="70" />
      <Position x="412" y="570" />
      <LabelControl>
        <Font>licorice</Font>
        <Text>Quit</Text>
        <Height>70</Height>
        <AutoSize>true</AutoSize>
        <TextColor r="0" g="0" b="255" a="255"/>
      </LabelControl>
    </ButtonControl>
  </Controls>
</Ui>