<Ui>
  <Name>PauseScreen</Name>
  <ScaleInPixels x="1280" y="768" />
  <ConstrainInParent>true</ConstrainInParent>
  <Controls>
    <LabelControl>
      <Name>TitleLabel</Name>
      <Font>JokerMan</Font>
      <Text>Pause</Text>
      <Height>200</Height>
      <AutoSize>true</AutoSize>
      <Position x="407" y ="0" />
      <TextColor r="255" g="0" b="0" a="255"/>
    </LabelControl>
    <!--<ButtonControl>
      <Name>btnOptions</Name>
      <DefaultImage>buttonDefault.png</DefaultImage>
      <PressedImage>buttonPressed.png</PressedImage>
      <AutoSize>false</AutoSize>
      <ScaleInPixels x="350" y="70" />
      <Position x="490" y="220" />
      <LabelControl>
        <Font>licorice</Font>
        <Text>Options</Text>
        <Height>70</Height>
        <AutoSize>true</AutoSize>
        <TextColor r="0" g="0" b="255" a="255"/>
      </LabelControl>
    </ButtonControl>-->
    <ButtonControl>
      <Name>btnHelp</Name>
      <DefaultImage>buttonDefault.png</DefaultImage>
      <PressedImage>buttonPressed.png</PressedImage>
      <AutoSize>false</AutoSize>
      <ScaleInPixels x="350" y="70" />
      <Position x="490" y="320" />
      <LabelControl>
        <Font>licorice</Font>
        <Text>Help</Text>
        <Height>70</Height>
        <AutoSize>true</AutoSize>
        <TextColor r="0" g="0" b="255" a="255"/>
      </LabelControl>
    </ButtonControl>
    <ButtonControl>
      <Name>btnQuit</Name>
      <DefaultImage>buttonDefault.png</DefaultImage>
      <PressedImage>buttonPressed.png</PressedImage>
      <AutoSize>false</AutoSize>
      <ScaleInPixels x="350" y="70" />
      <Position x="490" y="420" />
      <LabelControl>
        <Font>licorice</Font>
        <Text>Quit</Text>
        <Height>70</Height>
        <AutoSize>true</AutoSize>
        <TextColor r="0" g="0" b="255" a="255"/>
      </LabelControl>
    </ButtonControl>
    <ButtonControl>
      <Name>btnBack</Name>
      <DefaultImage>buttonDefault.png</DefaultImage>
      <PressedImage>buttonPressed.png</PressedImage>
      <AutoSize>false</AutoSize>
      <ScaleInPixels x="350" y="70" />
      <Position x="490" y="520" />
      <LabelControl>
        <Font>licorice</Font>
        <Text>Back</Text>
        <Height>70</Height>
        <AutoSize>true</AutoSize>
        <TextColor r="0" g="0" b="255" a="255"/>
      </LabelControl>
    </ButtonControl>
  </Controls>
</Ui>